INSERT INTO viagem (id_viagem,descricao) VALUES (1,'São Paulo a São Luiz');
INSERT INTO viagem (id_viagem,descricao) VALUES (2,'Rio de Janeiro a Cuiabá');
INSERT INTO viagem (id_viagem,descricao) VALUES (3,'Florianópolis a Belo Horizonte');
INSERT INTO viagem (id_viagem,descricao) VALUES (4,'Palmas a Recife');
INSERT INTO viagem (id_viagem,descricao) VALUES (5,'Aracaju a Goiânia');
INSERT INTO viagem (id_viagem,descricao) VALUES (6,'Boa Vista Belém');
INSERT INTO viagem (id_viagem,descricao) VALUES (7,'Porto Velho a Teresina');




INSERT INTO pacote_viagem (ID_PACOTE_VIAGEM, DATA_FIM, DATA_INICIO, DESCRICAO, ID_AVALIACAO, ID_VIAGEM) VALUES (1,'2021-08-10 12:02:02','2021-07-10 12:02:02','Pacote Viatem 1',1,1);
INSERT INTO pacote_viagem (ID_PACOTE_VIAGEM, DATA_FIM, DATA_INICIO, DESCRICAO, ID_AVALIACAO, ID_VIAGEM) VALUES (2,'2021-09-07 12:02:02','2021-05-09 12:02:02','Pacote Viatem 1',null,3);
INSERT INTO pacote_viagem (ID_PACOTE_VIAGEM, DATA_FIM, DATA_INICIO, DESCRICAO, ID_AVALIACAO, ID_VIAGEM) VALUES (3,'2021-10-10 12:02:02','2021-04-11 12:02:02','Pacote Viatem 1',null,3);
INSERT INTO pacote_viagem (ID_PACOTE_VIAGEM, DATA_FIM, DATA_INICIO, DESCRICAO, ID_AVALIACAO, ID_VIAGEM) VALUES (4,'2021-11-02 12:02:02','2021-09-29 12:02:02','Pacote Viatem 1',null,1);
INSERT INTO pacote_viagem (ID_PACOTE_VIAGEM, DATA_FIM, DATA_INICIO, DESCRICAO, ID_AVALIACAO, ID_VIAGEM) VALUES (5,'2021-12-05 12:02:02','2021-08-19 12:02:02','Pacote Viatem 1',null,2);
INSERT INTO pacote_viagem (ID_PACOTE_VIAGEM, DATA_FIM, DATA_INICIO, DESCRICAO, ID_AVALIACAO, ID_VIAGEM) VALUES (6,'2021-08-11 12:02:02','2021-01-11 12:02:02','Pacote Viatem 1',null,3);
INSERT INTO pacote_viagem (ID_PACOTE_VIAGEM, DATA_FIM, DATA_INICIO, DESCRICAO, ID_AVALIACAO, ID_VIAGEM) VALUES (7,'2021-07-21 12:02:02','2021-04-12 12:02:02','Pacote Viatem 1',null,1);
INSERT INTO pacote_viagem (ID_PACOTE_VIAGEM, DATA_FIM, DATA_INICIO, DESCRICAO, ID_AVALIACAO, ID_VIAGEM) VALUES (8,'2021-03-29 12:02:02','2021-01-10 12:02:02','Pacote Viatem 1',null,3);
INSERT INTO pacote_viagem (ID_PACOTE_VIAGEM, DATA_FIM, DATA_INICIO, DESCRICAO, ID_AVALIACAO, ID_VIAGEM) VALUES (9,'2021-04-22 12:02:02','2021-01-08 12:02:02','Pacote Viatem 1',null,2);
INSERT INTO pacote_viagem (ID_PACOTE_VIAGEM, DATA_FIM, DATA_INICIO, DESCRICAO, ID_AVALIACAO, ID_VIAGEM) VALUES (10,'2021-05-12 12:02:02','2021-01-12 12:02:02','Pacote Viatem 1',null,1);

INSERT INTO cliente_pacote_viagem (ID_CLIENTE, ID_PACOTE_VIAGEM) VALUES (1,1);
INSERT INTO cliente_pacote_viagem (ID_CLIENTE, ID_PACOTE_VIAGEM) VALUES (2,1);
INSERT INTO cliente_pacote_viagem (ID_CLIENTE, ID_PACOTE_VIAGEM) VALUES (3,1);
INSERT INTO cliente_pacote_viagem (ID_CLIENTE, ID_PACOTE_VIAGEM) VALUES (4,1);

INSERT INTO cliente_pacote_viagem (ID_CLIENTE, ID_PACOTE_VIAGEM) VALUES (1,2);
INSERT INTO cliente_pacote_viagem (ID_CLIENTE, ID_PACOTE_VIAGEM) VALUES (2,2);
INSERT INTO cliente_pacote_viagem (ID_CLIENTE, ID_PACOTE_VIAGEM) VALUES (3,2);
INSERT INTO cliente_pacote_viagem (ID_CLIENTE, ID_PACOTE_VIAGEM) VALUES (4,2);

INSERT INTO cliente_pacote_viagem (ID_CLIENTE, ID_PACOTE_VIAGEM) VALUES (1,3);
INSERT INTO cliente_pacote_viagem (ID_CLIENTE, ID_PACOTE_VIAGEM) VALUES (2,3);
INSERT INTO cliente_pacote_viagem (ID_CLIENTE, ID_PACOTE_VIAGEM) VALUES (3,3);
INSERT INTO cliente_pacote_viagem (ID_CLIENTE, ID_PACOTE_VIAGEM) VALUES (4,3);

INSERT INTO cliente_pacote_viagem (ID_CLIENTE, ID_PACOTE_VIAGEM) VALUES (1,4);
INSERT INTO cliente_pacote_viagem (ID_CLIENTE, ID_PACOTE_VIAGEM) VALUES (2,5);
INSERT INTO cliente_pacote_viagem (ID_CLIENTE, ID_PACOTE_VIAGEM) VALUES (3,4);
INSERT INTO cliente_pacote_viagem (ID_CLIENTE, ID_PACOTE_VIAGEM) VALUES (4,6);


INSERT INTO cliente_pacote_viagem (ID_CLIENTE, ID_PACOTE_VIAGEM) VALUES (1,7);
INSERT INTO cliente_pacote_viagem (ID_CLIENTE, ID_PACOTE_VIAGEM) VALUES (2,7);
INSERT INTO cliente_pacote_viagem (ID_CLIENTE, ID_PACOTE_VIAGEM) VALUES (3,8);
INSERT INTO cliente_pacote_viagem (ID_CLIENTE, ID_PACOTE_VIAGEM) VALUES (4,9);
INSERT INTO cliente_pacote_viagem (ID_CLIENTE, ID_PACOTE_VIAGEM) VALUES (8,10);









